Workbook

Sheet Analysis
A1: n | B1: Smallest Subscript: Average | C1: Largest Subscript: Average | D1: Largest Change: Average | E1: Smallest Subscript: Worst | F1: Largest Subscript: Worst | G1: Largest Change: Worst | H1: log10(n) | I1: log10(Smallest Subscript: Average) | J1: log10(Largest Subscript: Average) | K1: log10(Largest Change: Average) | L1: log10(Smallest Subscript: Worst) | M1: log10(Largest Subscript: Worst) | N1: log10(Largest Change: Worst)
A2: 12 | B2: =AVERAGE(Bland!B2:AY2) -> 0.00043226598 | C2: =AVERAGE(LargestSubscript!B2:AY2) -> 0.00041150799 | D2: =AVERAGE(LargestChange!B2:AY2) -> 0.00042368599 | E2: =MAX(Bland!B2:AY2) -> 0.0019157999 | F2: =MAX(LargestSubscript!B2:AY2) -> 0.00091050006 | G2: =MAX(LargestChange!B2:AY2) -> 0.00085349986 | H2: =LOG10(A2) -> 1.0791812 | I2: =LOG10(B2) -> -3.3642489 | J2: =LOG10(C2) -> -3.3856217 | K2: =LOG10(D2) -> -3.3729559 | L2: =LOG10(E2) -> -2.7176498 | M2: =LOG10(F2) -> -3.04072 | N2: =LOG10(G2) -> -3.0687965
A3: 15 | B3: =AVERAGE(Bland!B3:AY3) -> 0.000508364 | C3: =AVERAGE(LargestSubscript!B3:AY3) -> 0.00059927997 | D3: =AVERAGE(LargestChange!B3:AY3) -> 0.00050738201 | E3: =MAX(Bland!B3:AY3) -> 0.0014752997 | F3: =MAX(LargestSubscript!B3:AY3) -> 0.0016736002 | G3: =MAX(LargestChange!B3:AY3) -> 0.00072530005 | H3: =LOG10(A3) -> 1.1760913 | I3: =LOG10(B3) -> -3.2938252 | J3: =LOG10(C3) -> -3.2223702 | K3: =LOG10(D3) -> -3.2946649 | L3: =LOG10(E3) -> -2.8311197 | M3: =LOG10(F3) -> -2.7763483 | N3: =LOG10(G3) -> -3.1394823
A4: 18 | B4: =AVERAGE(Bland!B4:AY4) -> 0.00056294001 | C4: =AVERAGE(LargestSubscript!B4:AY4) -> 0.00063321802 | D4: =AVERAGE(LargestChange!B4:AY4) -> 0.00070724403 | E4: =MAX(Bland!B4:AY4) -> 0.0015429999 | F4: =MAX(LargestSubscript!B4:AY4) -> 0.0019252999 | G4: =MAX(LargestChange!B4:AY4) -> 0.0013441001 | H4: =LOG10(A4) -> 1.2552725 | I4: =LOG10(B4) -> -3.2495379 | J4: =LOG10(C4) -> -3.1984467 | K4: =LOG10(D4) -> -3.1504307 | L4: =LOG10(E4) -> -2.8116341 | M4: =LOG10(F4) -> -2.7155016 | N4: =LOG10(G4) -> -2.8715684
A5: 22 | B5: =AVERAGE(Bland!B5:AY5) -> 0.00069786994 | C5: =AVERAGE(LargestSubscript!B5:AY5) -> 0.00079388799 | D5: =AVERAGE(LargestChange!B5:AY5) -> 0.00092968602 | E5: =MAX(Bland!B5:AY5) -> 0.0028030998 | F5: =MAX(LargestSubscript!B5:AY5) -> 0.0021372 | G5: =MAX(LargestChange!B5:AY5) -> 0.0018719002 | H5: =LOG10(A5) -> 1.3424227 | I5: =LOG10(B5) -> -3.1562255 | J5: =LOG10(C5) -> -3.1002408 | K5: =LOG10(D5) -> -3.0316637 | L5: =LOG10(E5) -> -2.5523614 | M5: =LOG10(F5) -> -2.6701548 | N5: =LOG10(G5) -> -2.7277173
A6: 26 | B6: =AVERAGE(Bland!B6:AY6) -> 0.00093659203 | C6: =AVERAGE(LargestSubscript!B6:AY6) -> 0.00094556597 | D6: =AVERAGE(LargestChange!B6:AY6) -> 0.00116831 | E6: =MAX(Bland!B6:AY6) -> 0.0025666999 | F6: =MAX(LargestSubscript!B6:AY6) -> 0.0024263998 | G6: =MAX(LargestChange!B6:AY6) -> 0.0020943 | H6: =LOG10(A6) -> 1.4149733 | I6: =LOG10(B6) -> -3.0284495 | J6: =LOG10(C6) -> -3.0243082 | K6: =LOG10(D6) -> -2.9324419 | L6: =LOG10(E6) -> -2.5906249 | M6: =LOG10(F6) -> -2.6150376 | N6: =LOG10(G6) -> -2.6789611
A7: 31 | B7: =AVERAGE(Bland!B7:AY7) -> 0.001346868 | C7: =AVERAGE(LargestSubscript!B7:AY7) -> 0.001381192 | D7: =AVERAGE(LargestChange!B7:AY7) -> 0.001644646 | E7: =MAX(Bland!B7:AY7) -> 0.0033191 | F7: =MAX(LargestSubscript!B7:AY7) -> 0.0049113999 | G7: =MAX(LargestChange!B7:AY7) -> 0.0029385001 | H7: =LOG10(A7) -> 1.4913617 | I7: =LOG10(B7) -> -2.870675 | J7: =LOG10(C7) -> -2.8597459 | K7: =LOG10(D7) -> -2.7839276 | L7: =LOG10(E7) -> -2.4789797 | M7: =LOG10(F7) -> -2.3087947 | N7: =LOG10(G7) -> -2.5318743
A8: 38 | B8: =AVERAGE(Bland!B8:AY8) -> 0.001644836 | C8: =AVERAGE(LargestSubscript!B8:AY8) -> 0.00160309 | D8: =AVERAGE(LargestChange!B8:AY8) -> 0.002134006 | E8: =MAX(Bland!B8:AY8) -> 0.0058718002 | F8: =MAX(LargestSubscript!B8:AY8) -> 0.0037552998 | G8: =MAX(LargestChange!B8:AY8) -> 0.0038041002 | H8: =LOG10(A8) -> 1.5797836 | I8: =LOG10(B8) -> -2.7838774 | J8: =LOG10(C8) -> -2.7950421 | K8: =LOG10(D8) -> -2.6708044 | L8: =LOG10(E8) -> -2.2312287 | M8: =LOG10(F8) -> -2.4253554 | N8: =LOG10(G8) -> -2.4197481
A9: 46 | B9: =AVERAGE(Bland!B9:AY9) -> 0.002183446 | C9: =AVERAGE(LargestSubscript!B9:AY9) -> 0.002145038 | D9: =AVERAGE(LargestChange!B9:AY9) -> 0.003064022 | E9: =MAX(Bland!B9:AY9) -> 0.0045122001 | F9: =MAX(LargestSubscript!B9:AY9) -> 0.0050492999 | G9: =MAX(LargestChange!B9:AY9) -> 0.0059428997 | H9: =LOG10(A9) -> 1.6627578 | I9: =LOG10(B9) -> -2.6608576 | J9: =LOG10(C9) -> -2.668565 | K9: =LOG10(D9) -> -2.5137081 | L9: =LOG10(E9) -> -2.3456116 | M9: =LOG10(F9) -> -2.2967688 | N9: =LOG10(G9) -> -2.2260016
A10: 55 | B10: =AVERAGE(Bland!B10:AY10) -> 0.00252983 | C10: =AVERAGE(LargestSubscript!B10:AY10) -> 0.003009282 | D10: =AVERAGE(LargestChange!B10:AY10) -> 0.0044503479 | E10: =MAX(Bland!B10:AY10) -> 0.0057948004 | F10: =MAX(LargestSubscript!B10:AY10) -> 0.0069408999 | G10: =MAX(LargestChange!B10:AY10) -> 0.0077338 | H10: =LOG10(A10) -> 1.7403627 | I10: =LOG10(B10) -> -2.5969087 | J10: =LOG10(C10) -> -2.5215371 | K10: =LOG10(D10) -> -2.351606 | L10: =LOG10(E10) -> -2.2369615 | M10: =LOG10(F10) -> -2.1585842 | N10: =LOG10(G10) -> -2.1116071
A11: 66 | B11: =AVERAGE(Bland!B11:AY11) -> 0.003699982 | C11: =AVERAGE(LargestSubscript!B11:AY11) -> 0.003690522 | D11: =AVERAGE(LargestChange!B11:AY11) -> 0.005887728 | E11: =MAX(Bland!B11:AY11) -> 0.0177488 | F11: =MAX(LargestSubscript!B11:AY11) -> 0.0091383001 | G11: =MAX(LargestChange!B11:AY11) -> 0.0110219 | H11: =LOG10(A11) -> 1.8195439 | I11: =LOG10(B11) -> -2.4318004 | J11: =LOG10(C11) -> -2.4329122 | K11: =LOG10(D11) -> -2.2300523 | L11: =LOG10(E11) -> -1.750831 | M11: =LOG10(F11) -> -2.0391346 | N11: =LOG10(G11) -> -1.9577435
A12: 79 | B12: =AVERAGE(Bland!B12:AY12) -> 0.004837836 | C12: =AVERAGE(LargestSubscript!B12:AY12) -> 0.005038328 | D12: =AVERAGE(LargestChange!B12:AY12) -> 0.008935126 | E12: =MAX(Bland!B12:AY12) -> 0.0138909 | F12: =MAX(LargestSubscript!B12:AY12) -> 0.0126111 | G12: =MAX(LargestChange!B12:AY12) -> 0.0187644 | H12: =LOG10(A12) -> 1.8976271 | I12: =LOG10(B12) -> -2.3153489 | J12: =LOG10(C12) -> -2.2977136 | K12: =LOG10(D12) -> -2.0488993 | L12: =LOG10(E12) -> -1.8572696 | M12: =LOG10(F12) -> -1.899247 | N12: =LOG10(G12) -> -1.7266653
A13: 95 | B13: =AVERAGE(Bland!B13:AY13) -> 0.007135626 | C13: =AVERAGE(LargestSubscript!B13:AY13) -> 0.006563788 | D13: =AVERAGE(LargestChange!B13:AY13) -> 0.012396066 | E13: =MAX(Bland!B13:AY13) -> 0.0240775 | F13: =MAX(LargestSubscript!B13:AY13) -> 0.0157385 | G13: =MAX(LargestChange!B13:AY13) -> 0.0214531 | H13: =LOG10(A13) -> 1.9777236 | I13: =LOG10(B13) -> -2.1465679 | J13: =LOG10(C13) -> -2.1828455 | K13: =LOG10(D13) -> -1.9067161 | L13: =LOG10(E13) -> -1.6183886 | M13: =LOG10(F13) -> -1.8030367 | N13: =LOG10(G13) -> -1.6685099
... A20: 341 | B20: =AVERAGE(Bland!B20:AY20) -> 0.061080132 | C20: =AVERAGE(LargestSubscript!B20:AY20) -> 0.06043694 | D20: =AVERAGE(LargestChange!B20:AY20) -> 0.14936104 | E20: =MAX(Bland!B20:AY20) -> 0.219172 | F20: =MAX(LargestSubscript!B20:AY20) -> 0.1447104 | G20: =MAX(LargestChange!B20:AY20) -> 0.2631549 | H20: =LOG10(A20) -> 2.5327544 | I20: =LOG10(B20) -> -1.2141 | J20: =LOG10(C20) -> -1.2186975 | K20: =LOG10(D20) -> -0.82576268 | L20: =LOG10(E20) -> -0.65921493 | M20: =LOG10(F20) -> -0.83950026 | N20: =LOG10(G20) -> -0.57978854
B48: Pivoting Rule | C48: p_0 (slope) | D48: p_1 (intercept)
B49: Bland - Average | C49: =SLOPE(I2:I20,H2:H20) -> 1.5335471 | D49: =INTERCEPT(I2:I20,H2:H20) -> -5.1711577
B50: Largest Subscript - Average | C50: =SLOPE(J2:J20,H2:H20) -> 1.4963561 | D50: =INTERCEPT(J2:J20,H2:H20) -> -5.0956433
B51: Largest Change - Average | C51: =SLOPE(K2:K20,H2:H20) -> 1.8134277 | D51: =INTERCEPT(K2:K20,H2:H20) -> -5.4659194
B52: Bland - Worst | C52: =SLOPE(L2:L20,H2:H20) -> 1.5095831 | D52: =INTERCEPT(L2:L20,H2:H20) -> -4.6489605
B53: Largest Subscript - Worst | C53: =SLOPE(M2:M20,H2:H20) -> 1.4603701 | D53: =INTERCEPT(M2:M20,H2:H20) -> -4.6246675
B54: Largest Change - Worst | C54: =SLOPE(N2:N20,H2:H20) -> 1.8895866 | D54: =INTERCEPT(N2:N20,H2:H20) -> -5.3163166

Sheet Bland
A1: n | B1: Instance1 | C1: Instance2 | D1: Instance3 | E1: Instance4 | F1: Instance5 | G1: Instance6 | H1: Instance7 | I1: Instance8 | J1: Instance9 | K1: Instance10 | L1: Instance11 | M1: Instance12 | N1: Instance13 | O1: Instance14 | P1: Instance15 | Q1: Instance16 | R1: Instance17 | S1: Instance18 | T1: Instance19 | U1: Instance20 | V1: Instance21 | W1: Instance22 | X1: Instance23 | Y1: Instance24 | Z1: Instance25 | AA1: Instance26 | AB1: Instance27 | AC1: Instance28 | AD1: Instance29 | AE1: Instance30 | AF1: Instance31 | AG1: Instance32 | AH1: Instance33 | AI1: Instance34 | AJ1: Instance35 | AK1: Instance36 | AL1: Instance37 | AM1: Instance38 | AN1: Instance39 | AO1: Instance40 | AP1: Instance41 | AQ1: Instance42 | AR1: Instance43 | AS1: Instance44 | AT1: Instance45 | AU1: Instance46 | AV1: Instance47 | AW1: Instance48 | AX1: Instance49 | AY1: Instance50
A2: 12 | B2: 0.0009258003 | C2: 0.00034949975 | D2: 0.00045280019 | E2: 0.00036509987 | F2: 0.00017970009 | G2: 0.00046629971 | H2: 0.00055849971 | I2: 0.00049629994 | J2: 0.00050720014 | K2: 0.00039569987 | L2: 0.00038990006 | M2: 0.00039459998 | N2: 0.00042179972 | O2: 0.00035159988 | P2: 0.00023279991 | Q2: 0.00039200019 | R2: 0.00028740009 | S2: 0.00028900011 | T2: 0.00071310019 | U2: 0.00034209993 | V2: 0.00028359983 | W2: 0.0010009999 | X2: 0.00087649981 | Y2: 0.00016789977 | Z2: 0.00048570009 | AA2: 0.0005265004 | AB2: 0.00047879992 | AC2: 0.00016559986 | AD2: 0.00027110009 | AE2: 0.00021940004 | AF2: 0.0001643002 | AG2: 0.0019157999 | AH2: 0.00039249985 | AI2: 0.00028809998 | AJ2: 0.00032330025 | AK2: 0.00027609989 | AL2: 0.0003777002 | AM2: 0.00042819977 | AN2: 0.0003751996 | AO2: 0.00057899999 | AP2: 0.00048570009 | AQ2: 0.00027909968 | AR2: 0.00022129994 | AS2: 0.00088900002 | AT2: 0.00031520007 | AU2: 0.00042550033 | AV2: 0.00016780011 | AW2: 0.00027099997 | AX2: 0.0001681 | AY2: 0.00028309971
A3: 15 | B3: 0.00054990035 | C3: 0.00042060018 | D3: 0.00035809958 | E3: 0.00046929996 | F3: 0.00018189987 | G3: 0.0014752997 | H3: 0.0010877 | I3: 0.00041989982 | J3: 0.00012379978 | K3: 0.00030150032 | L3: 0.00042060018 | M3: 0.00012229988 | N3: 0.00048140017 | O3: 0.00036340021 | P3: 0.0011104997 | Q3: 0.0011266 | R3: 0.00035949983 | S3: 0.00041639991 | T3: 0.00059559988 | U3: 0.00052809995 | V3: 0.00054020016 | W3: 0.00018539978 | X3: 0.00059209997 | Y3: 0.00024789991 | Z3: 0.0005983999 | AA3: 0.00036060018 | AB3: 0.00035919994 | AC3: 0.00029930007 | AD3: 0.00041970005 | AE3: 0.00047650002 | AF3: 0.00029639993 | AG3: 0.00085659977 | AH3: 0.00046890043 | AI3: 0.00035620015 | AJ3: 0.00030029984 | AK3: 0.00035910029 | AL3: 0.00024109986 | AM3: 0.00053000031 | AN3: 0.001046 | AO3: 0.00092250016 | AP3: 0.0010623997 | AQ3: 0.00023909984 | AR3: 0.00029970007 | AS3: 0.00071380008 | AT3: 0.00023889961 | AU3: 0.00035910029 | AV3: 0.00075570028 | AW3: 0.00068569975 | AX3: 0.00019500032 | AY3: 0.00050000008
A4: 18 | B4: 0.00027849991 | C4: 0.00046940008 | D4: 0.00032860041 | E4: 0.0005919002 | F4: 0.00025680009 | G4: 0.00069449982 | H4: 0.00076729991 | I4: 0.00035019964 | J4: 0.00027680025 | K4: 0.00095130038 | L4: 0.00054949988 | M4: 0.00052330038 | N4: 0.0015429999 | O4: 0.00092490017 | P4: 0.00092289969 | Q4: 0.00066479994 | R4: 0.00027860003 | S4: 0.0011731 | T4: 0.00048370007 | U4: 0.00035410002 | V4: 0.00042189984 | W4: 0.00034879986 | X4: 0.0004960997 | Y4: 0.0004612999 | Z4: 0.00053590024 | AA4: 0.0004653004 | AB4: 0.0003974 | AC4: 0.00039080018 | AD4: 0.00033229962 | AE4: 0.0010455996 | AF4: 0.00035220012 | AG4: 0.0004873001 | AH4: 0.0013900003 | AI4: 0.00034989975 | AJ4: 0.00035389978 | AK4: 0.00075510005 | AL4: 0.00028560031 | AM4: 0.00063899998 | AN4: 0.0013052002 | AO4: 0.00083199982 | AP4: 0.0006841002 | AQ4: 0.00040960032 | AR4: 0.0003445996 | AS4: 0.00057299994 | AT4: 0.00034760032 | AU4: 0.00042069983 | AV4: 0.00027880026 | AW4: 0.00035650004 | AX4: 0.00027989969 | AY4: 0.00042339973
A5: 22 | B5: 0.00054820022 | C5: 0.00022809999 | D5: 0.00037160004 | E5: 0.00074979989 | F5: 0.00041410001 | G5: 0.00067879958 | H5: 0.0010659997 | I5: 0.0010667001 | J5: 0.00037349993 | K5: 0.0011891997 | L5: 0.00059059961 | M5: 0.00084570004 | N5: 0.00093719969 | O5: 0.0028030998 | P5: 0.00060540019 | Q5: 0.00044630002 | R5: 0.00048669986 | S5: 0.00023419969 | T5: 0.0010761996 | U5: 0.00030299975 | V5: 0.0003074999 | W5: 0.00060559995 | X5: 0.00038019987 | Y5: 0.00061460026 | Z5: 0.00053610001 | AA5: 0.00045430008 | AB5: 0.0010675997 | AC5: 0.00053379964 | AD5: 0.00080899987 | AE5: 0.0011833999 | AF5: 0.00031259982 | AG5: 0.00063539995 | AH5: 0.00070750015 | AI5: 0.00071229972 | AJ5: 0.00095229968 | AK5: 0.00039870013 | AL5: 0.00063640019 | AM5: 0.00047570001 | AN5: 0.00072100013 | AO5: 0.0012095999 | AP5: 0.00030669989 | AQ5: 0.00022879988 | AR5: 0.0006047003 | AS5: 0.0005239998 | AT5: 0.0005979999 | AU5: 0.0012198002 | AV5: 0.00052879984 | AW5: 0.0015743002 | AX5: 0.00029520039 | AY5: 0.00074520009
A6: 26 | B6: 0.0012646997 | C6: 0.00023959996 | D6: 0.00075779995 | E6: 0.0007664999 | F6: 0.0011721998 | G6: 0.0022078003 | H6: 0.00076430012 | I6: 0.00049800007 | J6: 0.00024840003 | K6: 0.0012294003 | L6: 0.0007332 | M6: 0.00058909971 | N6: 0.0011842004 | O6: 0.0025666999 | P6: 0.00067530014 | Q6: 0.0011969004 | R6: 0.0010042 | S6: 0.0012772996 | T6: 0.00090080034 | U6: 0.0011711 | V6: 0.00044020033 | W6: 0.00062139984 | X6: 0.00089190016 | Y6: 0.00059359986 | Z6: 0.0005979999 | AA6: 0.00066950032 | AB6: 0.0010954002 | AC6: 0.00053780014 | AD6: 0.00035280036 | AE6: 0.00043459982 | AF6: 0.00034530042 | AG6: 0.00080139982 | AH6: 0.0017828001 | AI6: 0.0014326 | AJ6: 0.0017804997 | AK6: 0.00061379978 | AL6: 0.00067149987 | AM6: 0.0013894998 | AN6: 0.0014599999 | AO6: 0.0016316003 | AP6: 0.00041610003 | AQ6: 0.00041480036 | AR6: 0.0010286001 | AS6: 0.0014495999 | AT6: 0.00050169975 | AU6: 0.00083680032 | AV6: 0.00050870003 | AW6: 0.0013061003 | AX6: 0.0010068999 | AY6: 0.00076860003
A7: 31 | B7: 0.00090500014 | C7: 0.00051470008 | D7: 0.00039049983 | E7: 0.0015386003 | F7: 0.0014455998 | G7: 0.0031170002 | H7: 0.0026977998 | I7: 0.00091900025 | J7: 0.00059169997 | K7: 0.0012274999 | L7: 0.0018509002 | M7: 0.00039849989 | N7: 0.0013743001 | O7: 0.0033191 | P7: 0.0012551001 | Q7: 0.0017464003 | R7: 0.0026672003 | S7: 0.0012193001 | T7: 0.0013249996 | U7: 0.0015656003 | V7: 0.0012618001 | W7: 0.00076860003 | X7: 0.0022792001 | Y7: 0.00075969985 | Z7: 0.0010727998 | AA7: 0.0011450001 | AB7: 0.0026557003 | AC7: 0.00090080034 | AD7: 0.00085079996 | AE7: 0.0008582999 | AF7: 0.00018410012 | AG7: 0.00096919993 | AH7: 0.0010236003 | AI7: 0.0014168001 | AJ7: 0.00080460031 | AK7: 0.0025800997 | AL7: 0.0011255001 | AM7: 0.0011247997 | AN7: 0.0011193003 | AO7: 0.0026782998 | AP7: 0.0021151998 | AQ7: 0.00037320005 | AR7: 0.00066330004 | AS7: 0.0022334 | AT7: 0.00075889984 | AU7: 0.0011621998 | AV7: 0.00036259973 | AW7: 0.0022940999 | AX7: 0.0013587 | AY7: 0.00037400005
A8: 38 | B8: 0.0012638001 | C8: 0.0016536 | D8: 0.001683 | E8: 0.0013593999 | F8: 0.0013556997 | G8: 0.00066430029 | H8: 0.0016855998 | I8: 0.0015961998 | J8: 0.00066380017 | K8: 0.0018066 | L8: 0.00081370026 | M8: 0.0012317998 | N8: 0.0015738998 | O8: 0.0058718002 | P8: 0.0015912 | Q8: 0.0022658999 | R8: 0.0024997001 | S8: 0.0026217001 | T8: 0.00078150025 | U8: 0.0010144003 | V8: 0.00065390021 | W8: 0.00089689996 | X8: 0.0028643003 | Y8: 0.0018116003 | Z8: 0.0017974004 | AA8: 0.0014403998 | AB8: 0.0021637999 | AC8: 0.0018930999 | AD8: 0.0012284 | AE8: 0.0020487998 | AF8: 0.00092500029 | AG8: 0.0016863998 | AH8: 0.0018771999 | AI8: 0.0018576002 | AJ8: 0.0012319 | AK8: 0.0013794 | AL8: 0.0018210998 | AM8: 0.0028359001 | AN8: 0.0015870999 | AO8: 0.0033525 | AP8: 0.0013587 | AQ8: 0.00082319975 | AR8: 0.0013208999 | AS8: 0.0018795999 | AT8: 0.0012375 | AU8: 0.0020041 | AV8: 0.0005874997 | AW8: 0.0016835998 | AX8: 0.0012212 | AY8: 0.00077520031
A9: 46 | B9: 0.0010608002 | C9: 0.0036488003 | D9: 0.0030482002 | E9: 0.0020380998 | F9: 0.00077809999 | G9: 0.0025672996 | H9: 0.0026653004 | I9: 0.0045122001 | J9: 0.0018234001 | K9: 0.00095860008 | L9: 0.0018483996 | M9: 0.0023850999 | N9: 0.0017423998 | O9: 0.0044132001 | P9: 0.0034927996 | Q9: 0.0037567001 | R9: 0.0017033997 | S9: 0.0023273001 | T9: 0.0027915998 | U9: 0.0020047999 | V9: 0.0017126002 | W9: 0.0017557996 | X9: 0.0037690001 | Y9: 0.0011800998 | Z9: 0.0025653001 | AA9: 0.0032728999 | AB9: 0.0023049996 | AC9: 0.0012908 | AD9: 0.00094889989 | AE9: 0.0043678 | AF9: 0.0008933004 | AG9: 0.0015866002 | AH9: 0.0017185998 | AI9: 0.00090580015 | AJ9: 0.0028971997 | AK9: 0.0031021996 | AL9: 0.0021020998 | AM9: 0.0024310998 | AN9: 0.0016725003 | AO9: 0.0025322004 | AP9: 0.0027497998 | AQ9: 0.00066330004 | AR9: 0.0013088998 | AS9: 0.0015765997 | AT9: 0.0010293 | AU9: 0.0015853001 | AV9: 0.00049320003 | AW9: 0.0036382 | AX9: 0.0010302002 | AY9: 0.0025212001
A10: 55 | B10: 0.0021867002 | C10: 0.0027629002 | D10: 0.0038367002 | E10: 0.0010996 | F10: 0.0033736001 | G10: 0.0008688001 | H10: 0.0057948004 | I10: 0.0024309 | J10: 0.0015469999 | K10: 0.0023089 | L10: 0.0042900001 | M10: 0.00089719985 | N10: 0.0039830999 | O10: 0.0040952 | P10: 0.0019554999 | Q10: 0.0036069998 | R10: 0.0021414999 | S10: 0.0035918998 | T10: 0.0031078001 | U10: 0.0034397999 | V10: 0.0018612002 | W10: 0.0034435 | X10: 0.0016925996 | Y10: 0.0015193 | Z10: 0.0015073 | AA10: 0.0018584002 | AB10: 0.0020375 | AC10: 0.0021449998 | AD10: 0.0013723001 | AE10: 0.0034841998 | AF10: 0.0020110002 | AG10: 0.0021969997 | AH10: 0.0037888 | AI10: 0.0017133001 | AJ10: 0.0028133998 | AK10: 0.0015350003 | AL10: 0.0013548997 | AM10: 0.0046206 | AN10: 0.0044805002 | AO10: 0.0029989001 | AP10: 0.0021883002 | AQ10: 0.0010512001 | AR10: 0.0037405002 | AS10: 0.0028287 | AT10: 0.0012023998 | AU10: 0.0019858 | AV10: 0.00025240006 | AW10: 0.0024836003 | AX10: 0.0031421003 | AY10: 0.0018628999
A11: 66 | B11: 0.0018869 | C11: 0.0040807002 | D11: 0.0042936001 | E11: 0.0020780996 | F11: 0.0026916 | G11: 0.0017839996 | H11: 0.0048948 | I11: 0.0025486001 | J11: 0.0012928001 | K11: 0.0034852 | L11: 0.0016973 | M11: 0.00093010021 | N11: 0.0062618 | O11: 0.0177488 | P11: 0.0016784999 | Q11: 0.0046747997 | R11: 0.0036615003 | S11: 0.0066134003 | T11: 0.0042634001 | U11: 0.0059086001 | V11: 0.0045126001 | W11: 0.00089620007 | X11: 0.0028969999 | Y11: 0.0032508001 | Z11: 0.0044799 | AA11: 0.0060342001 | AB11: 0.0041260999 | AC11: 0.0051412 | AD11: 0.0029250002 | AE11: 0.0011668997 | AF11: 0.0022630002 | AG11: 0.0043015 | AH11: 0.0022849999 | AI11: 0.0016931002 | AJ11: 0.0022696001 | AK11: 0.0021064002 | AL11: 0.0046625999 | AM11: 0.0032837 | AN11: 0.0074471999 | AO11: 0.0028567002 | AP11: 0.0075201998 | AQ11: 0.0013529998 | AR11: 0.009176 | AS11: 0.006058 | AT11: 0.0017808001 | AU11: 0.0028877002 | AV11: 0.00070009986 | AW11: 0.0012858999 | AX11: 0.0012748004 | AY11: 0.0018894002
A12: 79 | B12: 0.0028592004 | C12: 0.0058052 | D12: 0.0050196997 | E12: 0.0027001002 | F12: 0.0071597998 | G12: 0.0014904002 | H12: 0.0028993003 | I12: 0.0036261003 | J12: 0.0017192001 | K12: 0.0038895998 | L12: 0.0042828 | M12: 0.0018598 | N12: 0.0089328 | O12: 0.0058312002 | P12: 0.0059062997 | Q12: 0.0067032999 | R12: 0.0047996999 | S12: 0.0035397001 | T12: 0.0059548998 | U12: 0.0077807 | V12: 0.0045852 | W12: 0.0073241 | X12: 0.0055240998 | Y12: 0.0034627002 | Z12: 0.0031505004 | AA12: 0.008287 | AB12: 0.0031874999 | AC12: 0.0017444999 | AD12: 0.0087951999 | AE12: 0.0023431 | AF12: 0.0018008002 | AG12: 0.0050030998 | AH12: 0.0075349999 | AI12: 0.0017534997 | AJ12: 0.0031321002 | AK12: 0.0072194999 | AL12: 0.0061817998 | AM12: 0.0085380999 | AN12: 0.0060267001 | AO12: 0.0052677002 | AP12: 0.0049736002 | AQ12: 0.0022163 | AR12: 0.0054812003 | AS12: 0.0138909 | AT12: 0.0028058002 | AU12: 0.0063180001 | AV12: 0.002601 | AW12: 0.0019025002 | AX12: 0.0037131002 | AY12: 0.0043674
A13: 95 | B13: 0.0037094997 | C13: 0.0118833 | D13: 0.0061277999 | E13: 0.0031552999 | F13: 0.0094393999 | G13: 0.0080792001 | H13: 0.0099482997 | I13: 0.0055534001 | J13: 0.0051936996 | K13: 0.0070392997 | L13: 0.0131851 | M13: 0.0019398001 | N13: 0.0139428 | O13: 0.0073091998 | P13: 0.0240775 | Q13: 0.0192464 | R13: 0.0089944 | S13: 0.0134789 | T13: 0.0067035998 | U13: 0.0074169999 | V13: 0.0022692 | W13: 0.0071591004 | X13: 0.0104977 | Y13: 0.0018344 | Z13: 0.0082808002 | AA13: 0.0080333999 | AB13: 0.0036780001 | AC13: 0.0036899 | AD13: 0.0091412999 | AE13: 0.0046744002 | AF13: 0.0049036001 | AG13: 0.0080227996 | AH13: 0.0033772001 | AI13: 0.0052767 | AJ13: 0.0054645999 | AK13: 0.0056754001 | AL13: 0.0104121 | AM13: 0.0032236003 | AN13: 0.0067621004 | AO13: 0.0049862 | AP13: 0.0107677 | AQ13: 0.0029207999 | AR13: 0.0033928999 | AS13: 0.0074 | AT13: 0.0106872 | AU13: 0.0050954004 | AV13: 0.0017919 | AW13: 0.0037507 | AX13: 0.00245 | AY13: 0.0047383001
... A20: 341 | B20: 0.0489358 | C20: 0.0871774 | D20: 0.1617769 | E20: 0.0590873 | F20: 0.0703836 | G20: 0.0284907 | H20: 0.0826018 | I20: 0.0572853 | J20: 0.0395692 | K20: 0.0353568 | L20: 0.219172 | M20: 0.04204 | N20: 0.0397848 | O20: 0.1043169 | P20: 0.0661066 | Q20: 0.0291095 | R20: 0.0383685 | S20: 0.0108598 | T20: 0.0252684 | U20: 0.1053076 | V20: 0.0418842 | W20: 0.0724802 | X20: 0.0543721 | Y20: 0.0729035 | Z20: 0.0535908 | AA20: 0.0099714003 | AB20: 0.0970519 | AC20: 0.0790573 | AD20: 0.012688 | AE20: 0.0180498 | AF20: 0.0748405 | AG20: 0.0705251 | AH20: 0.0590901 | AI20: 0.0277019 | AJ20: 0.0791434 | AK20: 0.0381254 | AL20: 0.1036841 | AM20: 0.0682313 | AN20: 0.0320274 | AO20: 0.0889072 | AP20: 0.0655742 | AQ20: 0.0281162 | AR20: 0.042823 | AS20: 0.0994106 | AT20: 0.0693711 | AU20: 0.0597566 | AV20: 0.0315911 | AW20: 0.0339824 | AX20: 0.0174386 | AY20: 0.1006183

Sheet LargestSubscript
A1: n | B1: Instance1 | C1: Instance2 | D1: Instance3 | E1: Instance4 | F1: Instance5 | G1: Instance6 | H1: Instance7 | I1: Instance8 | J1: Instance9 | K1: Instance10 | L1: Instance11 | M1: Instance12 | N1: Instance13 | O1: Instance14 | P1: Instance15 | Q1: Instance16 | R1: Instance17 | S1: Instance18 | T1: Instance19 | U1: Instance20 | V1: Instance21 | W1: Instance22 | X1: Instance23 | Y1: Instance24 | Z1: Instance25 | AA1: Instance26 | AB1: Instance27 | AC1: Instance28 | AD1: Instance29 | AE1: Instance30 | AF1: Instance31 | AG1: Instance32 | AH1: Instance33 | AI1: Instance34 | AJ1: Instance35 | AK1: Instance36 | AL1: Instance37 | AM1: Instance38 | AN1: Instance39 | AO1: Instance40 | AP1: Instance41 | AQ1: Instance42 | AR1: Instance43 | AS1: Instance44 | AT1: Instance45 | AU1: Instance46 | AV1: Instance47 | AW1: Instance48 | AX1: Instance49 | AY1: Instance50
A2: 12 | B2: 0.00056120008 | C2: 0.00019799965 | D2: 0.00025889976 | E2: 0.00038209977 | F2: 0.00032550003 | G2: 0.00050159963 | H2: 0.00049480004 | I2: 0.00037370017 | J2: 0.00031700032 | K2: 0.00031250017 | L2: 0.00043250015 | M2: 0.00056120008 | N2: 0.00068340031 | O2: 0.00039059995 | P2: 0.00025819987 | Q2: 0.00049500028 | R2: 0.00037640007 | S2: 0.00037600007 | T2: 0.0003078999 | U2: 0.00025629997 | V2: 0.00019440008 | W2: 0.00038139988 | X2: 0.00028519984 | Y2: 0.00035829982 | Z2: 0.00091050006 | AA2: 0.00030159997 | AB2: 0.00057290029 | AC2: 0.00018450012 | AD2: 0.00035250001 | AE2: 0.00063259993 | AF2: 0.00018250011 | AG2: 0.00062789954 | AH2: 0.00074749999 | AI2: 0.0001850999 | AJ2: 0.00082860002 | AK2: 0.00039160019 | AL2: 0.00029690005 | AM2: 0.00035290001 | AN2: 0.00029719993 | AO2: 0.0006418 | AP2: 0.00033950014 | AQ2: 0.00012689969 | AR2: 0.00058660004 | AS2: 0.00051590009 | AT2: 0.0003543999 | AU2: 0.00030010007 | AV2: 0.00051459996 | AW2: 0.00047129998 | AX2: 0.00030109985 | AY2: 0.00047629979
A3: 15 | B3: 0.00040750019 | C3: 0.00027390011 | D3: 0.00052849995 | E3: 0.00032619992 | F3: 0.00045869965 | G3: 0.0012713997 | H3: 0.00093519967 | I3: 0.00059080031 | J3: 0.0004691002 | K3: 0.00032539992 | L3: 0.00046930043 | M3: 0.00039640022 | N3: 0.00078730006 | O3: 0.0002009999 | P3: 0.00040649995 | Q3: 0.0012276 | R3: 0.00065399986 | S3: 0.00046489993 | T3: 0.00059469976 | U3: 0.00058359979 | V3: 0.00032939995 | W3: 0.00020120014 | X3: 0.0013545998 | Y3: 0.00046660006 | Z3: 0.00033480022 | AA3: 0.00058669969 | AB3: 0.00053289998 | AC3: 0.00040500006 | AD3: 0.00065279985 | AE3: 0.0005893996 | AF3: 0.00032599969 | AG3: 0.00097079994 | AH3: 0.0011066999 | AI3: 0.00059789978 | AJ3: 0.00033319974 | AK3: 0.00058689993 | AL3: 0.00052849995 | AM3: 0.00052740006 | AN3: 0.00039949967 | AO3: 0.0016736002 | AP3: 0.00059390021 | AQ3: 0.0003905003 | AR3: 0.00059660012 | AS3: 0.0011536004 | AT3: 0.00046199979 | AU3: 0.00065110018 | AV3: 0.00091130007 | AW3: 0.00069779996 | AX3: 0.00035069976 | AY3: 0.00028060004
A4: 18 | B4: 0.00030150032 | C4: 0.00058649993 | D4: 0.00044440012 | E4: 0.00096319988 | F4: 0.00032060035 | G4: 0.00062469998 | H4: 0.00083659962 | I4: 0.00039139995 | J4: 0.0002293 | K4: 0.00068870001 | L4: 0.00077350019 | M4: 0.0013649999 | N4: 0.00098009966 | O4: 0.00058220001 | P4: 0.00059730001 | Q4: 0.0019252999 | R4: 0.00063449983 | S4: 0.00084809959 | T4: 0.00076200021 | U4: 0.00046249991 | V4: 0.00022750022 | W4: 0.00046980008 | X4: 0.00037760008 | Y4: 0.00028939964 | Z4: 0.00066260016 | AA4: 0.00065970002 | AB4: 0.0011529 | AC4: 0.00073150033 | AD4: 0.00037459983 | AE4: 0.0006361003 | AF4: 0.00030989992 | AG4: 0.00014859997 | AH4: 0.00069579994 | AI4: 0.00046759984 | AJ4: 0.00074860035 | AK4: 0.0010760999 | AL4: 0.0004680003 | AM4: 0.00047900015 | AN4: 0.00090780016 | AO4: 0.00090979971 | AP4: 0.00099409977 | AQ4: 0.00030730013 | AR4: 0.00068149995 | AS4: 0.00056640012 | AT4: 0.00047770003 | AU4: 0.00053919991 | AV4: 0.0005353 | AW4: 0.00023300014 | AX4: 0.00023200037 | AY4: 0.00098410016
A5: 22 | B5: 0.00061109988 | C5: 0.00066399993 | D5: 0.00083720032 | E5: 0.00084439991 | F5: 0.00058909971 | G5: 0.0021011 | H5: 0.0016175997 | I5: 0.0005069999 | J5: 0.00033039972 | K5: 0.0014248998 | L5: 0.0005783001 | M5: 0.00078170002 | N5: 0.0014405004 | O5: 0.0016613998 | P5: 0.00074320007 | Q5: 0.0016513001 | R5: 0.0005345 | S5: 0.00074920012 | T5: 0.00034310017 | U5: 0.00041879993 | V5: 0.00042279996 | W5: 0.00068589998 | X5: 0.00034220004 | Y5: 0.0007887003 | Z5: 0.00059850002 | AA5: 0.00075769983 | AB5: 0.00051150005 | AC5: 0.0010946002 | AD5: 0.00045489985 | AE5: 0.00096579967 | AF5: 0.00053209998 | AG5: 0.0005349 | AH5: 0.00079889968 | AI5: 0.00080900034 | AJ5: 0.0011443002 | AK5: 0.00067109987 | AL5: 0.00070080021 | AM5: 0.00095479982 | AN5: 0.0021372 | AO5: 0.00083840033 | AP5: 0.00093390001 | AQ5: 0.00041300012 | AR5: 0.00058349967 | AS5: 0.00042509986 | AT5: 0.00092889974 | AU5: 0.00033310009 | AV5: 0.00083420007 | AW5: 0.00050229998 | AX5: 0.00024079997 | AY5: 0.00032670004
A6: 26 | B6: 0.00078559993 | C6: 0.00046820007 | D6: 0.00065340009 | E6: 0.0010402999 | F6: 0.00037339982 | G6: 0.0024263998 | H6: 0.0019016 | I6: 0.0010500997 | J6: 0.00056859991 | K6: 0.00076159975 | L6: 0.00036630034 | M6: 0.0015221001 | N6: 0.00076349964 | O6: 0.0019240999 | P6: 0.0016776002 | Q6: 0.0016019 | R6: 0.0006591999 | S6: 0.0011517 | T6: 0.0011938997 | U6: 0.00059270021 | V6: 0.00090769958 | W6: 0.00088980002 | X6: 0.00069159968 | Y6: 0.00093480013 | Z6: 0.00066469982 | AA6: 0.00056009972 | AB6: 0.0011384999 | AC6: 0.0009455001 | AD6: 0.00078799995 | AE6: 0.0017698999 | AF6: 0.00049349992 | AG6: 0.00069609983 | AH6: 0.0008715 | AI6: 0.00060030026 | AJ6: 0.00049160002 | AK6: 0.0011749002 | AL6: 0.0007834998 | AM6: 0.0016363999 | AN6: 0.0014314 | AO6: 0.0011109002 | AP6: 0.00099859992 | AQ6: 0.00092189992 | AR6: 0.00037459983 | AS6: 0.00066420017 | AT6: 0.00036460022 | AU6: 0.0013105003 | AV6: 0.00041830027 | AW6: 0.0010461998 | AX6: 0.00026880018 | AY6: 0.00084770005
A7: 31 | B7: 0.0010907003 | C7: 0.0012758002 | D7: 0.0010370002 | E7: 0.0014892002 | F7: 0.0015708003 | G7: 0.0016276003 | H7: 0.0022948002 | I7: 0.0017193002 | J7: 0.00043600006 | K7: 0.00116 | L7: 0.0014827996 | M7: 0.0013788999 | N7: 0.0016008997 | O7: 0.0049113999 | P7: 0.0017471998 | Q7: 0.0027482999 | R7: 0.00084450003 | S7: 0.0014936998 | T7: 0.0013287002 | U7: 0.0014110003 | V7: 0.00053060008 | W7: 0.00086709997 | X7: 0.0010815002 | Y7: 0.00075939996 | Z7: 0.0011920999 | AA7: 0.00062920013 | AB7: 0.0025270004 | AC7: 0.00085060019 | AD7: 0.00086029992 | AE7: 0.0019542999 | AF7: 0.00031889975 | AG7: 0.0012535998 | AH7: 0.0016059 | AI7: 0.0018170001 | AJ7: 0.00031869998 | AK7: 0.001067 | AL7: 0.0010222001 | AM7: 0.0013502999 | AN7: 0.0019185003 | AO7: 0.0035889996 | AP7: 0.0009198999 | AQ7: 0.00085770013 | AR7: 0.0020917002 | AS7: 0.0011611003 | AT7: 0.001313 | AU7: 0.00085319998 | AV7: 0.00042269984 | AW7: 0.0014407001 | AX7: 0.00052409992 | AY7: 0.0013136999
A8: 38 | B8: 0.00076120021 | C8: 0.00061140023 | D8: 0.00073760003 | E8: 0.0013333 | F8: 0.0011800001 | G8: 0.0013910998 | H8: 0.0014015003 | I8: 0.0027313996 | J8: 0.00087210024 | K8: 0.0019217003 | L8: 0.0011292999 | M8: 0.0017869002 | N8: 0.0013851002 | O8: 0.0029592998 | P8: 0.0019001001 | Q8: 0.0037552998 | R8: 0.00087319966 | S8: 0.0022033998 | T8: 0.0019359002 | U8: 0.0015660999 | V8: 0.0011475999 | W8: 0.0013982998 | X8: 0.0017899997 | Y8: 0.00079300022 | Z8: 0.0012053 | AA8: 0.0010554004 | AB8: 0.0030656001 | AC8: 0.0014606002 | AD8: 0.00091729965 | AE8: 0.0010719001 | AF8: 0.00064230012 | AG8: 0.00064590015 | AH8: 0.0011386001 | AI8: 0.0011478998 | AJ8: 0.0022185999 | AK8: 0.0031250999 | AL8: 0.0020324998 | AM8: 0.0020013996 | AN8: 0.0011220998 | AO8: 0.0026628999 | AP8: 0.0014012 | AQ8: 0.00092970021 | AR8: 0.0024021002 | AS8: 0.0026161 | AT8: 0.0010140003 | AU8: 0.0019152998 | AV8: 0.00072839996 | AW8: 0.0028177998 | AX8: 0.0014112 | AY8: 0.0018404997
A9: 46 | B9: 0.0016417 | C9: 0.0015988997 | D9: 0.0011823 | E9: 0.0016454998 | F9: 0.0039597 | G9: 0.0017288998 | H9: 0.0013408996 | I9: 0.0019860999 | J9: 0.0010702997 | K9: 0.0027544 | L9: 0.0013470999 | M9: 0.0020859996 | N9: 0.0041393 | O9: 0.0038349 | P9: 0.0019199001 | Q9: 0.0045037004 | R9: 0.00071049994 | S9: 0.0029998003 | T9: 0.0015038 | U9: 0.00086169969 | V9: 0.0013281 | W9: 0.0016244003 | X9: 0.0025677001 | Y9: 0.0020912001 | Z9: 0.0015714001 | AA9: 0.0018547 | AB9: 0.0011928999 | AC9: 0.0031762999 | AD9: 0.0020424002 | AE9: 0.0036463998 | AF9: 0.00087699993 | AG9: 0.0012299996 | AH9: 0.0017833002 | AI9: 0.0011823 | AJ9: 0.0043096999 | AK9: 0.0025216998 | AL9: 0.0010688002 | AM9: 0.0026989002 | AN9: 0.0039639999 | AO9: 0.0050492999 | AP9: 0.002537 | AQ9: 0.0015322003 | AR9: 0.0017964002 | AS9: 0.0025538998 | AT9: 0.00135 | AU9: 0.0017889999 | AV9: 0.0010169004 | AW9: 0.0023885998 | AX9: 0.0017579999 | AY9: 0.0019339998
A10: 55 | B10: 0.0017406 | C10: 0.0031027002 | D10: 0.0019258 | E10: 0.0025998 | F10: 0.0011788998 | G10: 0.0020765001 | H10: 0.0050844001 | I10: 0.0017292998 | J10: 0.001555 | K10: 0.0018182001 | L10: 0.0050343 | M10: 0.0012021 | N10: 0.0016769003 | O10: 0.0069408999 | P10: 0.0040642 | Q10: 0.0058341003 | R10: 0.0013835998 | S10: 0.0015497999 | T10: 0.0064106998 | U10: 0.0026498004 | V10: 0.0022439002 | W10: 0.0026614 | X10: 0.0059118997 | Y10: 0.0021003 | Z10: 0.0020933999 | AA10: 0.0035055997 | AB10: 0.0040230998 | AC10: 0.0030017002 | AD10: 0.00082750013 | AE10: 0.0023062001 | AF10: 0.00099929981 | AG10: 0.0015142998 | AH10: 0.0030403999 | AI10: 0.00083590019 | AJ10: 0.0047972999 | AK10: 0.0045031002 | AL10: 0.0043338998 | AM10: 0.0037644999 | AN10: 0.0045568999 | AO10: 0.0064241998 | AP10: 0.0027862 | AQ10: 0.00081190001 | AR10: 0.0024568001 | AS10: 0.0055593001 | AT10: 0.0028329003 | AU10: 0.0029361001 | AV10: 0.0014792001 | AW10: 0.0024055 | AX10: 0.002818 | AY10: 0.0033757999
A11: 66 | B11: 0.0023312001 | C11: 0.0036876001 | D11: 0.0032052998 | E11: 0.0021189 | F11: 0.0026416997 | G11: 0.0019918 | H11: 0.0023511001 | I11: 0.0034081996 | J11: 0.0039177001 | K11: 0.0019313004 | L11: 0.0043144999 | M11: 0.0023593004 | N11: 0.0040446999 | O11: 0.0058547999 | P11: 0.0036771996 | Q11: 0.0059147002 | R11: 0.0025415998 | S11: 0.0043215998 | T11: 0.0060592 | U11: 0.0022474001 | V11: 0.0032682996 | W11: 0.0032935999 | X11: 0.0029730001 | Y11: 0.0030417 | Z11: 0.0071900003 | AA11: 0.0082958997 | AB11: 0.0060661002 | AC11: 0.0032311999 | AD11: 0.0010102997 | AE11: 0.0045112004 | AF11: 0.0021172999 | AG11: 0.0033249999 | AH11: 0.0030268002 | AI11: 0.0023511001 | AJ11: 0.0041061998 | AK11: 0.0030728998 | AL11: 0.0040786001 | AM11: 0.0038740998 | AN11: 0.0074263997 | AO11: 0.0027774 | AP11: 0.0024813996 | AQ11: 0.0012646001 | AR11: 0.0074425 | AS11: 0.0091383001 | AT11: 0.0022717002 | AU11: 0.0036652 | AV11: 0.00099890027 | AW11: 0.0016973 | AX11: 0.0043541002 | AY11: 0.0032552001
A12: 79 | B12: 0.0032726997 | C12: 0.0027001998 | D12: 0.0036935001 | E12: 0.0040690997 | F12: 0.0045653 | G12: 0.0056031002 | H12: 0.0078741 | I12: 0.0066882996 | J12: 0.0017245999 | K12: 0.0027993 | L12: 0.004282 | M12: 0.0037417999 | N12: 0.0099959001 | O12: 0.0062731998 | P12: 0.0047302004 | Q12: 0.0084799998 | R12: 0.0052393004 | S12: 0.0031904001 | T12: 0.0046353997 | U12: 0.0038005998 | V12: 0.0044179 | W12: 0.0032310002 | X12: 0.0056406003 | Y12: 0.0030016 | Z12: 0.0071872999 | AA12: 0.0085587003 | AB12: 0.0056401999 | AC12: 0.0035361 | AD12: 0.0035525002 | AE12: 0.0094353002 | AF12: 0.0049004001 | AG12: 0.0050937999 | AH12: 0.0053872 | AI12: 0.0030908003 | AJ12: 0.0035767001 | AK12: 0.0038691 | AL12: 0.0080899 | AM12: 0.0126111 | AN12: 0.0088312002 | AO12: 0.0040867003 | AP12: 0.0070721 | AQ12: 0.0025308998 | AR12: 0.0075428002 | AS12: 0.0038887002 | AT12: 0.0055538001 | AU12: 0.0046326001 | AV12: 0.00096909981 | AW12: 0.0026655998 | AX12: 0.0026881001 | AY12: 0.0032756003
A13: 95 | B13: 0.0026356 | C13: 0.0014972999 | D13: 0.0147412 | E13: 0.0057082004 | F13: 0.0081257001 | G13: 0.0055733002 | H13: 0.0047125001 | I13: 0.0058219 | J13: 0.0019637998 | K13: 0.0044476003 | L13: 0.0153579 | M13: 0.0032374999 | N13: 0.0128681 | O13: 0.0081644999 | P13: 0.0068831001 | Q13: 0.0080696996 | R13: 0.0095748999 | S13: 0.0157385 | T13: 0.0078675002 | U13: 0.0052189999 | V13: 0.0073782001 | W13: 0.0074372999 | X13: 0.0051782001 | Y13: 0.0032816003 | Z13: 0.0067628003 | AA13: 0.0055690999 | AB13: 0.0041943002 | AC13: 0.0051945001 | AD13: 0.0073497999 | AE13: 0.0029873 | AF13: 0.0068195998 | AG13: 0.0092483 | AH13: 0.0026885001 | AI13: 0.0042638001 | AJ13: 0.0052184002 | AK13: 0.0108706 | AL13: 0.0048652999 | AM13: 0.0103341 | AN13: 0.0101696 | AO13: 0.0052010999 | AP13: 0.0045444001 | AQ13: 0.0030024997 | AR13: 0.0064383 | AS13: 0.0151684 | AT13: 0.0054583 | AU13: 0.0047831 | AV13: 0.0026663998 | AW13: 0.0032672998 | AX13: 0.0067111002 | AY13: 0.0029294002
... A20: 341 | B20: 0.0306311 | C20: 0.0348546 | D20: 0.0998607 | E20: 0.0803856 | F20: 0.0705225 | G20: 0.0233817 | H20: 0.0939962 | I20: 0.0474322 | J20: 0.0484793 | K20: 0.0475336 | L20: 0.1391454 | M20: 0.0212669 | N20: 0.0347228 | O20: 0.0528041 | P20: 0.094275 | Q20: 0.0246031 | R20: 0.0588776 | S20: 0.0151304 | T20: 0.0591642 | U20: 0.1264889 | V20: 0.0433951 | W20: 0.0883669 | X20: 0.0710322 | Y20: 0.0556059 | Z20: 0.079463 | AA20: 0.0201405 | AB20: 0.1133275 | AC20: 0.0307432 | AD20: 0.0343345 | AE20: 0.0622915 | AF20: 0.084491 | AG20: 0.0294655 | AH20: 0.0789833 | AI20: 0.0319969 | AJ20: 0.0665862 | AK20: 0.0488624 | AL20: 0.1447104 | AM20: 0.1128058 | AN20: 0.0364781 | AO20: 0.0872599 | AP20: 0.0676313 | AQ20: 0.0308022 | AR20: 0.045178 | AS20: 0.0986941 | AT20: 0.0817545 | AU20: 0.0251568 | AV20: 0.0124402 | AW20: 0.0360502 | AX20: 0.0258944 | AY20: 0.0743496

Sheet LargestChange
A1: n | B1: Instance1 | C1: Instance2 | D1: Instance3 | E1: Instance4 | F1: Instance5 | G1: Instance6 | H1: Instance7 | I1: Instance8 | J1: Instance9 | K1: Instance10 | L1: Instance11 | M1: Instance12 | N1: Instance13 | O1: Instance14 | P1: Instance15 | Q1: Instance16 | R1: Instance17 | S1: Instance18 | T1: Instance19 | U1: Instance20 | V1: Instance21 | W1: Instance22 | X1: Instance23 | Y1: Instance24 | Z1: Instance25 | AA1: Instance26 | AB1: Instance27 | AC1: Instance28 | AD1: Instance29 | AE1: Instance30 | AF1: Instance31 | AG1: Instance32 | AH1: Instance33 | AI1: Instance34 | AJ1: Instance35 | AK1: Instance36 | AL1: Instance37 | AM1: Instance38 | AN1: Instance39 | AO1: Instance40 | AP1: Instance41 | AQ1: Instance42 | AR1: Instance43 | AS1: Instance44 | AT1: Instance45 | AU1: Instance46 | AV1: Instance47 | AW1: Instance48 | AX1: Instance49 | AY1: Instance50
A2: 12 | B2: 0.00036239997 | C2: 0.00028289994 | D2: 0.00070870016 | E2: 0.0003521 | F2: 0.0002923999 | G2: 0.00085349986 | H2: 0.00040220004 | I2: 0.00048490008 | J2: 0.00033930037 | K2: 0.00049170014 | L2: 0.00036579976 | M2: 0.00077409996 | N2: 0.00038770027 | O2: 0.00035189977 | P2: 0.00034950022 | Q2: 0.00057990011 | R2: 0.00028220005 | S2: 0.00048789987 | T2: 0.00034629973 | U2: 0.00034540007 | V2: 0.00028140005 | W2: 0.00051219994 | X2: 0.00039030006 | Y2: 0.00038630003 | Z2: 0.00060130004 | AA2: 0.00035610003 | AB2: 0.00045499997 | AC2: 0.00026579993 | AD2: 0.00033120019 | AE2: 0.00040089991 | AF2: 0.00026249979 | AG2: 0.0005673999 | AH2: 0.00057089981 | AI2: 0.00042829989 | AJ2: 0.00052199978 | AK2: 0.00033550011 | AL2: 0.00026609981 | AM2: 0.00043819984 | AN2: 0.00044209976 | AO2: 0.00066650007 | AP2: 0.00055920007 | AQ2: 0.00026659993 | AR2: 0.00032700039 | AS2: 0.00032920018 | AT2: 0.00035930006 | AU2: 0.00033139996 | AV2: 0.00026600016 | AW2: 0.00035089999 | AX2: 0.00074469997 | AY2: 0.00032919971
A3: 15 | B3: 0.00043320004 | C3: 0.00046980008 | D3: 0.00041030021 | E3: 0.00047380012 | F3: 0.00034209993 | G3: 0.00072530005 | H3: 0.00067199999 | I3: 0.00067480002 | J3: 0.00034649996 | K3: 0.00034340005 | L3: 0.00051350007 | M3: 0.00034049992 | N3: 0.0005065999 | O3: 0.00041199988 | P3: 0.0005353 | Q3: 0.00050530024 | R3: 0.00042619975 | S3: 0.00057690032 | T3: 0.00058999984 | U3: 0.00050140033 | V3: 0.00048410008 | W3: 0.00034220004 | X3: 0.00065070018 | Y3: 0.00034209993 | Z3: 0.0005175001 | AA3: 0.00060200039 | AB3: 0.00051539997 | AC3: 0.00046220003 | AD3: 0.00056080008 | AE3: 0.00070590014 | AF3: 0.00034649996 | AG3: 0.00053269975 | AH3: 0.00062179985 | AI3: 0.0004087002 | AJ3: 0.00055579981 | AK3: 0.00044019986 | AL3: 0.0004091002 | AM3: 0.00059730001 | AN3: 0.00071839988 | AO3: 0.00067899982 | AP3: 0.00054419972 | AQ3: 0.00034220004 | AR3: 0.00043240003 | AS3: 0.00062790001 | AT3: 0.00046150014 | AU3: 0.00067669991 | AV3: 0.00060090004 | AW3: 0.00055799959 | AX3: 0.00036439998 | AY3: 0.00046959985
A4: 18 | B4: 0.00061729969 | C4: 0.00094659999 | D4: 0.0005946001 | E4: 0.00056309998 | F4: 0.0004604999 | G4: 0.00089910021 | H4: 0.0012852997 | I4: 0.00063010026 | J4: 0.00045690034 | K4: 0.00058870018 | L4: 0.0012093 | M4: 0.00061229989 | N4: 0.00073050009 | O4: 0.0012822999 | P4: 0.00072549982 | Q4: 0.0013441001 | R4: 0.00056140032 | S4: 0.00083850045 | T4: 0.00072580017 | U4: 0.00055970019 | V4: 0.00045779999 | W4: 0.00073659979 | X4: 0.0006380002 | Y4: 0.00043810019 | Z4: 0.00075819995 | AA4: 0.00076590013 | AB4: 0.00074210018 | AC4: 0.00052679982 | AD4: 0.00051609986 | AE4: 0.00085949991 | AF4: 0.00045610033 | AG4: 0.00045090029 | AH4: 0.00067530014 | AI4: 0.00062970025 | AJ4: 0.00064349966 | AK4: 0.00088310009 | AL4: 0.0011193999 | AM4: 0.00091819977 | AN4: 0.00069000013 | AO4: 0.00069159968 | AP4: 0.0006558001 | AQ4: 0.00045739999 | AR4: 0.00088850036 | AS4: 0.00075859996 | AT4: 0.00064830016 | AU4: 0.00067560002 | AV4: 0.0004582 | AW4: 0.00054669986 | AX4: 0.00046269968 | AY4: 0.00058190012
A5: 22 | B5: 0.00071039982 | C5: 0.00056730025 | D5: 0.0006637997 | E5: 0.0010332 | F5: 0.00057989964 | G5: 0.0015344997 | H5: 0.001195 | I5: 0.00094030006 | J5: 0.00057939999 | K5: 0.0011907998 | L5: 0.0010117004 | M5: 0.0012528002 | N5: 0.00092689972 | O5: 0.0018719002 | P5: 0.00077449996 | Q5: 0.0010925001 | R5: 0.00074859988 | S5: 0.00070169987 | T5: 0.0010367003 | U5: 0.00071289996 | V5: 0.00056699989 | W5: 0.00065390021 | X5: 0.00069230003 | Y5: 0.00090980018 | Z5: 0.00082049984 | AA5: 0.00070780003 | AB5: 0.0015074001 | AC5: 0.00098290015 | AD5: 0.0008820002 | AE5: 0.0012431 | AF5: 0.00098000001 | AG5: 0.0013392 | AH5: 0.0010291003 | AI5: 0.0009300001 | AJ5: 0.0009545004 | AK5: 0.00074520009 | AL5: 0.00087080011 | AM5: 0.00092200004 | AN5: 0.0014979001 | AO5: 0.0013321997 | AP5: 0.00080820033 | AQ5: 0.00057649985 | AR5: 0.0010452 | AS5: 0.0006750999 | AT5: 0.00079970015 | AU5: 0.00085189985 | AV5: 0.00079549989 | AW5: 0.0010861 | AX5: 0.00057170028 | AY5: 0.00058199978
A6: 26 | B6: 0.0008783997 | C6: 0.00073199999 | D6: 0.0010484001 | E6: 0.0012738998 | F6: 0.0008431999 | G6: 0.0017784 | H6: 0.0011596 | I6: 0.0010718 | J6: 0.00073869992 | K6: 0.0014667003 | L6: 0.00074330019 | M6: 0.0014256001 | N6: 0.0016858997 | O6: 0.0015705004 | P6: 0.0014375001 | Q6: 0.0015500002 | R6: 0.0008491003 | S6: 0.0014066002 | T6: 0.0011309003 | U6: 0.0013953997 | V6: 0.0009331 | W6: 0.00095959986 | X6: 0.00093260035 | Y6: 0.0011777002 | Z6: 0.0011967001 | AA6: 0.0010191998 | AB6: 0.0020943 | AC6: 0.00094119972 | AD6: 0.00078140013 | AE6: 0.0010989001 | AF6: 0.00077670021 | AG6: 0.0014347001 | AH6: 0.0010274998 | AI6: 0.0010766997 | AJ6: 0.0014208001 | AK6: 0.0012177997 | AL6: 0.0008454998 | AM6: 0.0018981001 | AN6: 0.0011978 | AO6: 0.0015213997 | AP6: 0.00091220019 | AQ6: 0.00076449988 | AR6: 0.00085740024 | AS6: 0.0015281001 | AT6: 0.00089409994 | AU6: 0.0012464002 | AV6: 0.0007555997 | AW6: 0.0015588002 | AX6: 0.0012608003 | AY6: 0.00089999987
A7: 31 | B7: 0.0029385001 | C7: 0.0014101001 | D7: 0.0011978 | E7: 0.0018619997 | F7: 0.0013698 | G7: 0.0021086 | H7: 0.0024000998 | I7: 0.0017557996 | J7: 0.0010895999 | K7: 0.0019288003 | L7: 0.0015757 | M7: 0.0011874 | N7: 0.0024962001 | O7: 0.0018858002 | P7: 0.0026110001 | Q7: 0.0018076003 | R7: 0.0018809997 | S7: 0.0014614002 | T7: 0.0020234999 | U7: 0.0013347999 | V7: 0.0011213003 | W7: 0.0012389999 | X7: 0.0018708999 | Y7: 0.0011668997 | Z7: 0.0014114999 | AA7: 0.0011491003 | AB7: 0.0013458999 | AC7: 0.0011710003 | AD7: 0.0011482001 | AE7: 0.0018282002 | AF7: 0.0010281 | AG7: 0.0014953003 | AH7: 0.0018672999 | AI7: 0.001716 | AJ7: 0.0011625001 | AK7: 0.0026042997 | AL7: 0.0017367001 | AM7: 0.0012273001 | AN7: 0.0016414002 | AO7: 0.0027361 | AP7: 0.0018462003 | AQ7: 0.0011026002 | AR7: 0.001528 | AS7: 0.0021925 | AT7: 0.0011223 | AU7: 0.0016072001 | AV7: 0.0011200998 | AW7: 0.0022502998 | AX7: 0.0013684998 | AY7: 0.0011020997
A8: 38 | B8: 0.0017190999 | C8: 0.0015199999 | D8: 0.0016966001 | E8: 0.0016971999 | F8: 0.0021842001 | G8: 0.0020949002 | H8: 0.0021046 | I8: 0.0023836 | J8: 0.0022743 | K8: 0.0019377 | L8: 0.0021475996 | M8: 0.0017295 | N8: 0.0028189998 | O8: 0.0024695001 | P8: 0.0020587998 | Q8: 0.0026727999 | R8: 0.0020372001 | S8: 0.0022914 | T8: 0.0028530001 | U8: 0.0026086001 | V8: 0.0013661999 | W8: 0.0023133 | X8: 0.0024468 | Y8: 0.0018261001 | Z8: 0.0022324999 | AA8: 0.0016689003 | AB8: 0.0038041002 | AC8: 0.0016518999 | AD8: 0.0014456999 | AE8: 0.0027427003 | AF8: 0.0014387001 | AG8: 0.0017952998 | AH8: 0.0016001998 | AI8: 0.0019095 | AJ8: 0.0023289998 | AK8: 0.0022288999 | AL8: 0.0024969 | AM8: 0.0029525999 | AN8: 0.0020666001 | AO8: 0.0035526999 | AP8: 0.0027544 | AQ8: 0.0014395001 | AR8: 0.0020947 | AS8: 0.0023674001 | AT8: 0.0016568997 | AU8: 0.0016621999 | AV8: 0.0013808999 | AW8: 0.0027567004 | AX8: 0.0017725001 | AY8: 0.0016469001
A9: 46 | B9: 0.0023913998 | C9: 0.0027095997 | D9: 0.0037230002 | E9: 0.0024393997 | F9: 0.0020782999 | G9: 0.0022988999 | H9: 0.0029882998 | I9: 0.0022911001 | J9: 0.0023149 | K9: 0.0023086001 | L9: 0.0028600004 | M9: 0.0025509 | N9: 0.0038127997 | O9: 0.004458 | P9: 0.002539 | Q9: 0.0038338001 | R9: 0.0023503001 | S9: 0.0029714 | T9: 0.0035247002 | U9: 0.0021209 | V9: 0.0027536997 | W9: 0.0024381001 | X9: 0.0031657 | Y9: 0.002849 | Z9: 0.0023584003 | AA9: 0.0028931 | AB9: 0.0030831001 | AC9: 0.0030505001 | AD9: 0.0026659002 | AE9: 0.0038506999 | AF9: 0.0024799998 | AG9: 0.0035036001 | AH9: 0.0024372004 | AI9: 0.0029495 | AJ9: 0.0059428997 | AK9: 0.0036908998 | AL9: 0.0031580003 | AM9: 0.0036841999 | AN9: 0.0042027002 | AO9: 0.0037432001 | AP9: 0.0030653998 | AQ9: 0.0027669999 | AR9: 0.0028419998 | AS9: 0.0039877002 | AT9: 0.0027204002 | AU9: 0.0038044997 | AV9: 0.0018926999 | AW9: 0.0038459999 | AX9: 0.0036477 | AY9: 0.0031619999
A10: 55 | B10: 0.0035437001 | C10: 0.0040455 | D10: 0.0042862999 | E10: 0.0035167998 | F10: 0.0043295999 | G10: 0.0032163002 | H10: 0.0075860997 | I10: 0.0032789996 | J10: 0.0029687998 | K10: 0.0033777999 | L10: 0.0051021003 | M10: 0.0039671999 | N10: 0.0058064 | O10: 0.0077338 | P10: 0.0052589998 | Q10: 0.0071707 | R10: 0.0029298998 | S10: 0.0049608001 | T10: 0.0047900002 | U10: 0.0036004004 | V10: 0.0037185997 | W10: 0.0056531997 | X10: 0.0042189998 | Y10: 0.0029710997 | Z10: 0.0045229997 | AA10: 0.0039845998 | AB10: 0.0031197001 | AC10: 0.0052140998 | AD10: 0.0033625998 | AE10: 0.0029278002 | AF10: 0.0028792997 | AG10: 0.0037210998 | AH10: 0.0032163002 | AI10: 0.0045225001 | AJ10: 0.0054404996 | AK10: 0.0050818999 | AL10: 0.0058811004 | AM10: 0.0052748998 | AN10: 0.005899 | AO10: 0.0043863002 | AP10: 0.0039194003 | AQ10: 0.0026095998 | AR10: 0.0048365002 | AS10: 0.0061269999 | AT10: 0.0051791999 | AU10: 0.0045296 | AV10: 0.0027632997 | AW10: 0.0052577001 | AX10: 0.0052286 | AY10: 0.0045997002
A11: 66 | B11: 0.0045543998 | C11: 0.0070193 | D11: 0.0045071002 | E11: 0.0040127002 | F11: 0.0066049998 | G11: 0.0048952997 | H11: 0.0060818 | I11: 0.0069332002 | J11: 0.0044828001 | K11: 0.0054466999 | L11: 0.0059147002 | M11: 0.0056487997 | N11: 0.0074825003 | O11: 0.0110075 | P11: 0.0051375004 | Q11: 0.0063334 | R11: 0.0041438998 | S11: 0.0050973999 | T11: 0.0076657999 | U11: 0.0065007 | V11: 0.0049885004 | W11: 0.0040503 | X11: 0.0062945997 | Y11: 0.0059272 | Z11: 0.0058944002 | AA11: 0.0071149999 | AB11: 0.0048902999 | AC11: 0.0038914001 | AD11: 0.0043968996 | AE11: 0.0045754998 | AF11: 0.0046092002 | AG11: 0.0053944001 | AH11: 0.0046881 | AI11: 0.0061673 | AJ11: 0.0048873001 | AK11: 0.0042086001 | AL11: 0.0079027996 | AM11: 0.0055338996 | AN11: 0.0110219 | AO11: 0.0045486004 | AP11: 0.0071608 | AQ11: 0.0044682999 | AR11: 0.0080534001 | AS11: 0.0101399 | AT11: 0.0066596996 | AU11: 0.0057131997 | AV11: 0.0036539999 | AW11: 0.0041688997 | AX11: 0.0071401 | AY11: 0.0067713996
A12: 79 | B12: 0.0067123999 | C12: 0.0080991001 | D12: 0.0097491997 | E12: 0.0060744002 | F12: 0.0079963999 | G12: 0.0060267998 | H12: 0.0093267998 | I12: 0.0078774998 | J12: 0.0058883 | K12: 0.0072114998 | L12: 0.0069277002 | M12: 0.0083867996 | N12: 0.0136118 | O12: 0.0148493 | P12: 0.0109238 | Q12: 0.0090521001 | R12: 0.0063493 | S12: 0.0086478 | T12: 0.0123398 | U12: 0.0080140997 | V12: 0.0071309004 | W12: 0.0088883 | X12: 0.0123885 | Y12: 0.0068000001 | Z12: 0.0087665999 | AA12: 0.0083099999 | AB12: 0.0084066996 | AC12: 0.0057027 | AD12: 0.0086592999 | AE12: 0.0087711001 | AF12: 0.0066312999 | AG12: 0.0079969 | AH12: 0.0069858003 | AI12: 0.0088466001 | AJ12: 0.0080633 | AK12: 0.0097349999 | AL12: 0.0082977 | AM12: 0.0110728 | AN12: 0.0113474 | AO12: 0.0097698998 | AP12: 0.0076979999 | AQ12: 0.0052584 | AR12: 0.0079197004 | AS12: 0.0187644 | AT12: 0.0150932 | AU12: 0.0170218 | AV12: 0.0059524998 | AW12: 0.0082538999 | AX12: 0.008252 | AY12: 0.0059066997
A13: 95 | B13: 0.0084131001 | C13: 0.0105086 | D13: 0.015093 | E13: 0.0111975 | F13: 0.0199555 | G13: 0.0149062 | H13: 0.0142436 | I13: 0.0199452 | J13: 0.0080750999 | K13: 0.0097709 | L13: 0.0109937 | M13: 0.0095121996 | N13: 0.0155412 | O13: 0.015987 | P13: 0.0178773 | Q13: 0.0214531 | R13: 0.0127757 | S13: 0.0156176 | T13: 0.0118557 | U13: 0.0199568 | V13: 0.0095905 | W13: 0.0126624 | X13: 0.0095691998 | Y13: 0.0080419998 | Z13: 0.0101268 | AA13: 0.0113215 | AB13: 0.0126095 | AC13: 0.0137166 | AD13: 0.0103777 | AE13: 0.0082946001 | AF13: 0.0122961 | AG13: 0.0084818997 | AH13: 0.0086202999 | AI13: 0.0118631 | AJ13: 0.016356 | AK13: 0.010112 | AL13: 0.0141443 | AM13: 0.0118412 | AN13: 0.0189022 | AO13: 0.0125314 | AP13: 0.0087190997 | AQ13: 0.0081421998 | AR13: 0.0101738 | AS13: 0.0176686 | AT13: 0.0131034 | AU13: 0.0093268002 | AV13: 0.0090343999 | AW13: 0.0076536001 | AX13: 0.011677 | AY13: 0.0091661001
... A20: 341 | B20: 0.1460163 | C20: 0.1590046 | D20: 0.2631549 | E20: 0.1982634 | F20: 0.1892962 | G20: 0.1384917 | H20: 0.1633691 | I20: 0.1427076 | J20: 0.1595275 | K20: 0.1356664 | L20: 0.2325024 | M20: 0.1065991 | N20: 0.120245 | O20: 0.1600126 | P20: 0.2179675 | Q20: 0.0934448 | R20: 0.1280025 | S20: 0.1167805 | T20: 0.1250967 | U20: 0.2524112 | V20: 0.1037825 | W20: 0.1495369 | X20: 0.1592949 | Y20: 0.1335871 | Z20: 0.1433229 | AA20: 0.090275 | AB20: 0.169337 | AC20: 0.1402519 | AD20: 0.1101874 | AE20: 0.0950784 | AF20: 0.1386457 | AG20: 0.1436802 | AH20: 0.2587063 | AI20: 0.0988325 | AJ20: 0.1284217 | AK20: 0.1503742 | AL20: 0.2443426 | AM20: 0.1457108 | AN20: 0.1534565 | AO20: 0.1431904 | AP20: 0.1350946 | AQ20: 0.1158193 | AR20: 0.1889216 | AS20: 0.1585215 | AT20: 0.1505648 | AU20: 0.1034334 | AV20: 0.1146564 | AW20: 0.1101318 | AX20: 0.133452 | AY20: 0.1088816
